"All property types","All bedrooms","Carlow",755.87,696.04,649.57,628.25,628.53,601.70,612.16,642.61,665.86,706.10,748.62,796.61
"All property types","All bedrooms","Carlow Town",796.03,739.76,678.89,643.03,663.54,602.17,650.76,655.80,695.81,725.12,782.31,832.44
"All property types","All bedrooms","Graiguecullen, Carlow",754.20,702.53,649.79,614.64,591.67,589.64,585.57,594.62,633.93,705.37,758.55,820.50
"All property types","All bedrooms","Tullow, Carlow",717.01,659.07,606.34,580.74,574.11,555.70,553.73,577.49,615.30,648.39,679.74,735.34
"All property types","All bedrooms","Cavan",571.62,526.94,480.08,457.77,446.09,444.21,443.16,464.04,506.82,542.39,571.11,613.34
"All property types","All bedrooms","Cavan Town",598.44,555.56,454.32,456.52,455.55,443.15,455.38,486.43,529.30,568.07,596.23,633.61
"All property types","All bedrooms","Bailieborough, Cavan",0.00,486.17,461.09,427.28,431.78,438.66,427.81,445.12,498.13,525.04,522.71,567.93
"All property types","All bedrooms","Ballyconnell, Cavan",598.74,492.45,420.33,399.30,391.37,374.58,376.00,404.94,423.65,454.84,498.98,550.73
"All property types","All bedrooms","Ballyjamesduff, Cavan",598.45,552.96,548.75,524.86,461.06,459.54,473.20,489.64,515.45,563.91,597.11,624.13
"All property types","All bedrooms","Belturbet, Cavan",481.83,446.16,421.35,390.43,377.93,391.57,380.46,396.85,453.75,484.26,508.89,536.04
"All property types","All bedrooms","Cootehill, Cavan",530.63,460.56,461.24,438.97,424.12,407.08,425.97,445.11,478.16,508.48,533.01,560.41
"All property types","All bedrooms","Kingscourt, Cavan",664.46,592.95,495.54,460.69,461.41,477.85,488.58,481.70,545.92,611.37,587.61,625.15
"All property types","All bedrooms","Virginia, Cavan",624.92,583.17,547.05,508.03,496.31,488.35,488.19,527.81,587.90,617.05,652.79,732.82
"All property types","All bedrooms","Clare",693.85,642.36,585.51,548.19,528.81,522.53,522.70,537.24,576.91,622.57,657.01,694.31
"All property types","All bedrooms","Ennis, Clare",686.65,640.19,583.32,544.62,523.12,509.48,512.85,538.96,585.05,637.64,675.59,712.43
"All property types","All bedrooms","Killaloe, Clare",718.00,666.23,595.99,546.50,531.54,545.84,563.05,593.98,685.09,725.85,744.81,810.07
"All property types","All bedrooms","Kilrush, Clare",658.26,596.98,528.87,475.71,487.38,464.99,453.30,444.10,457.53,484.84,481.59,503.28
"All property types","All bedrooms","Newmarket-On-Fergus, Clare",0.00,0.00,0.00,0.00,0.00,0.00,0.00,0.00,0.00,0.00,0.00,0.00
"All property types","All bedrooms","Shannon, Clare",758.08,682.78,598.34,585.81,553.98,558.88,569.18,572.42,608.07,658.31,701.19,736.66
"All property types","All bedrooms","Sixmilebridge, Clare",0.00,665.36,600.01,583.94,591.89,570.82,573.87,590.88,620.14,668.59,721.24,751.92
"All property types","All bedrooms","Cork",901.93,832.90,763.09,728.68,729.60,750.72,776.84,806.40,872.03,932.93,985.57,1044.79
"All property types","All bedrooms","Cork City",960.10,888.41,816.18,782.15,796.68,828.07,858.82,885.94,965.93,1043.37,1106.73,1173.17
"All property types","All bedrooms","Ballincollig, Cork",991.42,923.32,841.63,827.72,837.08,834.03,859.48,936.38,1036.57,1105.02,1149.14,1194.20
"All property types","All bedrooms","Ballintemple, Cork",975.40,897.85,834.83,801.98,835.64,849.68,862.85,921.20,982.83,1111.89,1227.59,1275.54
"All property types","All bedrooms","Ballinure, Cork",1095.57,962.78,880.71,846.25,856.59,890.22,983.27,1031.38,1054.78,1180.55,1306.22,0.00
"All property types","All bedrooms","Bandon, Cork",796.43,741.83,698.25,654.07,633.88,663.04,686.96,702.95,737.14,772.96,808.56,835.04
"All property types","All bedrooms","Bantry, Cork",629.08,613.41,601.48,575.79,539.45,524.92,528.58,534.78,551.02,587.09,645.06,644.51
"All property types","All bedrooms","Bishopstown, Cork",1137.84,999.07,962.11,929.85,962.74,961.78,1468.65,1063.77,1207.92,1244.12,1225.91,1309.87
"All property types","All bedrooms","Blackpool, Cork",911.24,840.19,761.65,719.53,728.39,731.29,752.22,794.52,875.84,936.68,1017.50,1042.50
"All property types","All bedrooms","Blackrock, Cork",1036.60,955.51,862.36,857.10,853.72,869.36,903.91,957.70,1043.60,1147.34,1221.95,1288.71
"All property types","All bedrooms","Blarney, Cork",887.11,840.26,771.11,723.77,716.49,735.39,746.58,787.36,839.84,901.23,989.90,1054.43
"All property types","All bedrooms","Carrigaline, Cork",921.97,866.57,802.12,762.47,739.64,761.30,795.94,838.25,907.39,980.23,1024.67,1079.30
"All property types","All bedrooms","Carrigtwohill, Cork",883.45,820.96,748.03,723.14,716.08,720.55,729.70,773.43,821.55,883.52,963.43,1064.12
"All property types","All bedrooms","Castlemartyr, Cork",749.52,678.99,602.72,598.05,630.40,587.42,590.25,642.40,698.32,798.27,853.20,843.67
"All property types","All bedrooms","Charleville, Cork",700.20,645.34,586.29,557.27,550.53,547.38,542.93,563.08,593.59,637.35,660.15,697.16
"All property types","All bedrooms","Clonakilty, Cork",770.62,719.20,647.52,602.92,588.63,583.11,591.78,643.88,664.48,707.64,758.95,781.75
"All property types","All bedrooms","Cloyne, Cork",763.69,697.18,600.14,558.45,558.20,561.50,594.72,666.33,757.51,803.41,895.04,969.08
"All property types","All bedrooms","Cobh, Cork",792.76,753.83,690.27,650.11,627.07,628.45,668.55,691.29,713.96,775.42,844.36,894.01
"All property types","All bedrooms","Crosshaven, Cork",890.59,849.67,781.00,731.41,731.41,735.93,775.46,850.35,866.28,894.96,997.75,1098.79
"All property types","All bedrooms","Douglas, Cork",1052.10,954.67,875.54,850.75,859.63,885.39,924.68,1002.30,1098.47,1146.46,1203.82,1238.86
"All property types","All bedrooms","Dunmanway, Cork",602.35,610.76,585.08,548.33,538.20,520.28,545.74,577.30,618.46,653.11,696.88,746.64
"All property types","All bedrooms","Fermoy, Cork",732.41,674.29,607.41,580.83,556.19,561.65,571.76,589.10,630.42,684.61,750.04,807.30
"All property types","All bedrooms","Frankfield, Cork",1041.18,977.57,894.29,868.67,894.76,889.01,927.24,1021.47,1115.78,1176.49,1220.38,1256.94
"All property types","All bedrooms","Glanmire, Cork",958.20,836.62,773.54,776.01,763.92,772.45,765.43,851.81,934.85,1004.34,1066.44,1114.21
"All property types","All bedrooms","Kanturk, Cork",674.89,610.24,518.87,528.30,520.72,515.21,501.28,516.70,561.57,628.95,718.83,795.91
"All property types","All bedrooms","Kinsale, Cork",979.82,896.95,853.05,825.67,790.65,773.27,803.91,869.69,960.16,1032.05,1088.11,1157.39
"All property types","All bedrooms","Macroom, Cork",739.23,689.61,604.76,587.75,563.03,567.00,571.77,597.22,654.97,671.99,698.08,751.01
"All property types","All bedrooms","Mallow, Cork",718.64,673.23,615.55,584.89,566.43,574.60,587.66,627.16,679.38,735.67,791.31,856.96
"All property types","All bedrooms","Midleton, Cork",867.31,784.06,698.66,663.73,654.28,656.34,671.60,722.79,793.26,864.55,922.48,990.01
"All property types","All bedrooms","Millstreet, Cork",669.23,576.86,519.74,487.24,496.44,488.86,500.98,554.49,577.09,574.39,624.96,696.16
"All property types","All bedrooms","Mitchelstown, Cork",628.76,614.81,577.30,554.09,529.20,540.78,549.58,559.43,600.14,650.89,666.01,706.69
"All property types","All bedrooms","Montenotte, Cork",927.05,808.28,806.90,767.12,755.69,749.18,739.29,808.99,880.98,920.45,1011.47,1037.40
"All property types","All bedrooms","Passage West, Cork",902.19,848.62,763.14,709.32,686.50,685.26,711.39,765.77,857.50,948.81,1015.06,1030.81
"All property types","All bedrooms","Rathcormac, Cork",774.57,720.77,631.13,573.82,575.90,594.56,606.94,642.67,685.23,714.00,785.27,878.67
"All property types","All bedrooms","Ringaskiddy, Cork",0.00,0.00,0.00,0.00,0.00,0.00,0.00,0.00,0.00,0.00,0.00,1104.27
"All property types","All bedrooms","Rochestown, Cork",1041.29,969.73,872.16,840.29,851.27,880.55,953.76,1055.08,1153.42,1204.38,1260.33,1320.54
"All property types","All bedrooms","Skibbereen, Cork",621.00,576.35,519.83,488.91,481.58,482.26,471.43,486.21,520.19,559.19,595.98,643.15
"All property types","All bedrooms","Tivoli, Cork",913.83,884.26,789.80,750.05,764.20,797.87,787.99,856.75,953.94,994.46,1048.38,1056.40
"All property types","All bedrooms","Tower, Cork",1028.27,949.14,824.39,788.43,785.98,812.51,820.33,863.46,991.15,1000.85,1010.53,1091.34
"All property types","All bedrooms","Whitegate, Cork",835.11,778.23,663.42,612.64,601.54,601.76,609.67,623.00,0.00,863.59,889.36,916.81
"All property types","All bedrooms","Wilton, Cork",1004.38,903.28,825.93,804.15,793.64,820.83,856.43,920.05,996.60,1053.00,1098.91,1141.21
"All property types","All bedrooms","Youghal, Cork",709.57,663.41,601.36,550.07,544.94,538.33,537.58,564.24,603.97,672.98,731.23,782.46
"All property types","All bedrooms","Donegal",576.45,548.91,515.83,482.95,463.63,444.91,445.74,461.52,486.35,515.25,536.39,559.59
"All property types","All bedrooms","Donegal Town",689.26,620.35,534.64,514.32,494.44,471.33,457.65,467.66,490.35,511.43,525.29,537.91
"All property types","All bedrooms","Ballybofey, Donegal",592.13,570.32,546.16,509.33,478.71,450.58,443.37,456.73,475.67,498.09,527.22,545.00
"All property types","All bedrooms","Buncrana, Donegal",558.73,538.74,511.34,487.36,452.53,437.67,432.08,445.12,466.86,495.07,508.68,519.72
"All property types","All bedrooms","Bundoran, Donegal",0.00,542.00,506.68,465.47,444.62,431.39,436.90,428.69,444.42,464.61,505.26,511.68
"All property types","All bedrooms","Carndonagh, Donegal",539.80,495.20,472.34,435.14,414.64,381.79,374.90,406.17,404.63,402.22,435.72,453.19
"All property types","All bedrooms","Letterkenny, Donegal",579.49,560.07,525.36,487.09,471.35,447.51,459.02,479.10,514.64,556.93,584.15,613.79
"All property types","All bedrooms","Lifford, Donegal",541.18,531.54,501.24,461.46,453.28,432.45,418.98,430.45,456.22,466.19,456.10,458.72
"All property types","All bedrooms","Stranorlar, Donegal",581.78,560.24,535.86,495.51,469.45,439.72,426.81,426.63,437.48,490.00,495.46,543.21
"All property types","All bedrooms","Dublin",1339.95,1214.55,1078.74,1047.53,1078.28,1115.14,1177.67,1280.81,1372.13,1475.98,1584.11,1678.59
"All property types","All bedrooms","Balbriggan, Dublin",1032.90,924.49,805.50,769.38,771.00,784.49,817.72,878.20,971.11,1062.87,1133.42,1237.21
"All property types","All bedrooms","Blackrock, Dublin",1588.28,1423.32,1268.01,1248.75,1292.11,1353.71,1470.61,1585.07,1719.48,1814.16,1916.26,2023.24
"All property types","All bedrooms","Booterstown, Dublin",1659.92,1540.51,1406.40,1332.29,1344.69,1428.20,1511.23,1637.32,1744.40,1851.61,1966.94,2072.38
"All property types","All bedrooms","Cabinteely, Dublin",0.00,0.00,0.00,0.00,0.00,0.00,0.00,0.00,0.00,0.00,0.00,0.00
"All property types","All bedrooms","Citywest, Dublin",0.00,0.00,0.00,0.00,0.00,0.00,0.00,0.00,0.00,0.00,0.00,0.00
"All property types","All bedrooms","Dalkey, Dublin",1666.35,1580.46,1490.20,1463.42,1498.43,1616.79,1749.42,1919.93,2011.01,2065.36,2293.77,2446.78
"All property types","All bedrooms","Donabate, Dublin",1147.22,995.58,860.85,858.72,863.08,894.68,947.79,1015.96,1123.08,1207.91,1242.15,1397.63
"All property types","All bedrooms","Dun Laoghaire, Dublin",1318.29,1222.98,1107.17,1054.46,1073.65,1152.30,1224.55,1330.59,1433.91,1557.23,1769.25,1901.76
"All property types","All bedrooms","Glenageary, Dublin",1733.01,1559.08,1364.42,1294.56,1449.49,1463.09,1554.25,1749.89,1831.15,1904.96,2013.97,2170.09
"All property types","All bedrooms","Howth, Dublin",1730.53,1418.85,1257.45,1245.03,1302.10,1313.07,1335.38,1444.73,1559.33,1717.07,1745.02,1828.63
"All property types","All bedrooms","Killiney, Dublin",1729.22,1531.15,1402.71,1434.73,1456.86,1469.27,1534.11,1666.08,1773.01,1917.04,2092.15,2144.56
"All property types","All bedrooms","Kinsealy, Dublin",1216.12,1103.92,1005.62,982.17,997.00,1037.60,1071.55,1142.62,1215.06,1318.92,1414.27,1563.87
"All property types","All bedrooms","Lucan, Dublin",1223.07,1116.33,1004.15,978.89,991.08,1008.64,1049.51,1133.04,1223.16,1317.00,1475.65,1554.62
"All property types","All bedrooms","Lusk, Dublin",1151.92,1051.73,941.72,911.73,897.64,901.31,982.78,1058.42,1125.16,1190.81,1276.91,1370.00
"All property types","All bedrooms","Malahide, Dublin",1553.18,1378.72,1239.87,1222.21,1264.12,1319.77,1370.88,1473.07,1572.97,1710.78,1853.20,1956.20
"All property types","All bedrooms","Monkstown, Dublin",1311.95,1195.41,1065.99,1058.42,1085.15,1126.33,1177.38,1277.87,1421.49,1594.21,1666.20,1766.77
"All property types","All bedrooms","Mount Merrion, Dublin",1854.79,1772.40,1651.21,1634.23,1714.41,1822.25,1831.49,2005.19,2122.02,2255.10,2305.24,2682.73
"All property types","All bedrooms","Portmarnock, Dublin",1337.47,1250.80,1112.04,1097.59,1086.05,1129.89,1207.70,1271.43,1379.90,1468.57,1541.27,1694.26
"All property types","All bedrooms","Rathcoole, Dublin",1071.49,952.17,871.79,896.35,874.11,909.46,994.33,1045.45,1166.44,1269.56,1341.23,1484.58
"All property types","All bedrooms","Rush, Dublin",1081.60,1004.37,918.94,868.07,871.25,879.81,928.02,1006.96,1046.96,1098.87,1224.90,1342.43
"All property types","All bedrooms","Saggart, Dublin",1273.57,1148.49,1000.63,946.80,935.29,979.57,1036.31,1116.17,1225.99,1292.14,1383.04,1515.85
"All property types","All bedrooms","Sandycove, Dublin",1574.68,1457.82,1308.41,1226.67,1483.05,1543.23,1545.11,1615.41,1956.44,2034.15,2155.04,2186.43
"All property types","All bedrooms","Shankill, Dublin",1385.42,1241.39,1120.45,1106.89,1093.04,1116.23,1174.65,1244.26,1338.96,1447.08,1547.80,1569.75
"All property types","All bedrooms","Skerries, Dublin",1105.20,1035.60,926.18,887.25,895.78,922.14,975.98,1070.66,1147.61,1203.51,1321.29,1387.46
"All property types","All bedrooms","Stepaside, Dublin",0.00,0.00,0.00,0.00,0.00,0.00,0.00,0.00,0.00,0.00,0.00,0.00
"All property types","All bedrooms","Stillorgan, Dublin",1570.80,1419.57,1280.66,1253.77,1279.30,1318.61,1438.05,1520.56,1617.87,1729.90,1812.82,1882.34
"All property types","All bedrooms","Swords, Dublin",1200.13,1090.91,965.94,932.14,941.50,962.99,1020.41,1110.87,1203.50,1289.01,1364.88,1443.72
"All property types","All bedrooms","Dublin 1",1188.44,1097.60,975.72,984.43,984.42,987.54,1070.67,1156.32,1231.32,1311.39,1490.47,1522.21
"All property types","All bedrooms","I.F.S.C., Dublin 1",1426.58,1253.07,1136.39,1534.37,1905.94,1932.73,1980.33,2141.97,2032.21,2081.76,2259.05,1793.99
"All property types","All bedrooms","Parnell Street, Dublin 1",1351.51,1238.11,1068.13,1030.66,1043.54,1058.15,1130.64,1283.05,1384.12,1423.80,1586.52,1691.54
"All property types","All bedrooms","Spencer Dock, Dublin 1",1576.73,1460.98,1289.58,1292.74,1360.92,1456.93,1569.26,1638.42,1781.17,1877.42,2009.09,2107.67
"All property types","All bedrooms","Summerhill, Dublin 1",1154.42,1149.25,1012.55,931.79,971.04,974.85,951.32,1019.93,1076.62,1137.20,1418.47,1639.03
"All property types","All bedrooms","Dublin 2",1410.77,1299.59,1171.38,1133.41,1177.38,1234.14,1309.23,1444.86,1578.57,1695.80,1824.70,2030.38
"All property types","All bedrooms","Aungier Street, Dublin 2",1149.86,1012.90,927.13,937.34,964.52,1017.86,1107.22,1223.03,1390.42,1425.86,1598.54,1857.27
"All property types","All bedrooms","Charlemont Street, Dublin 2",1505.04,1366.88,1242.92,1221.15,1260.56,1332.50,1392.77,1474.00,1587.02,1682.84,1822.52,1945.32
"All property types","All bedrooms","Grand Canal Dock, Dublin 2",1716.17,1573.86,1436.04,1456.54,1507.89,1621.03,1772.16,1941.28,2142.42,2267.53,2344.35,2389.05
"All property types","All bedrooms","Grand Canal Square, Dublin 2",0.00,1601.47,1511.70,1521.03,1795.00,1916.81,2033.28,2217.68,2490.48,2821.20,2902.89,3005.21
"All property types","All bedrooms","Hanover Quay, Dublin 2",1898.71,1746.82,1637.72,1575.00,1534.79,1656.41,1778.44,1854.94,2030.38,1983.73,2241.67,2507.70
"All property types","All bedrooms","Lower Mount Street, Dublin 2",1257.94,1154.06,1041.29,1013.44,1076.15,1151.60,1341.63,1452.08,1494.92,1612.04,1750.59,0.00
"All property types","All bedrooms","Pearse Street, Dublin 2",1309.51,1172.37,1061.61,1019.80,1063.55,1130.88,1244.09,1325.67,1463.52,1554.67,1647.03,1787.16
"All property types","All bedrooms","Tara Street, Dublin 2",1282.37,1154.60,1024.13,946.18,949.25,1002.03,1124.96,1266.56,1418.00,1495.18,1490.79,0.00
"All property types","All bedrooms","Temple Bar, Dublin 2",1464.12,1261.65,1144.64,1122.01,1120.31,1137.40,1220.32,1358.86,1446.03,1571.02,1619.06,1731.49
"All property types","All bedrooms","Townsend Street, Dublin 2",1373.65,1244.64,1092.91,1072.30,1117.39,1163.30,1271.30,1393.01,1517.54,1651.50,1746.42,1814.77
"All property types","All bedrooms","Dublin 3",1223.29,1097.71,974.01,935.07,945.88,988.59,1067.33,1160.25,1256.07,1352.41,1465.48,1565.84
"All property types","All bedrooms","Clonliffe, Dublin 3",1087.46,982.29,892.65,797.99,805.22,893.35,909.75,933.74,1036.39,1149.06,1330.02,1400.31
"All property types","All bedrooms","Clontarf, Dublin 3",1289.39,1155.96,1025.86,990.51,1017.72,1058.53,1143.93,1261.05,1357.19,1459.12,1560.11,1641.75
"All property types","All bedrooms","Drumcondra, Dublin 3",1171.50,1061.53,859.28,897.08,877.76,936.25,1027.58,1104.85,1215.68,1344.90,1463.08,1500.35
"All property types","All bedrooms","East Wall, Dublin 3",1253.55,1100.78,948.40,922.06,958.41,980.46,1053.95,1156.86,1250.65,1311.09,1493.41,1728.53
"All property types","All bedrooms","Eastwall, Dublin 3",0.00,0.00,0.00,0.00,0.00,0.00,0.00,0.00,0.00,0.00,0.00,0.00
"All property types","All bedrooms","Fairview, Dublin 3",1024.20,947.90,871.65,878.69,890.79,918.43,976.87,1048.18,1119.43,1195.98,1301.65,1371.94
"All property types","All bedrooms","Marino, Dublin 3",1423.75,1276.38,1109.58,1092.03,1123.38,1124.58,1185.00,1331.03,1411.12,1534.20,1662.22,1697.26
"All property types","All bedrooms","North Strand, Dublin 3",1219.78,1030.01,916.22,879.55,856.37,955.59,1017.08,1062.77,1179.92,1316.82,1393.64,1462.20
"All property types","All bedrooms","Dublin 4",1561.22,1402.64,1284.89,1273.93,1297.08,1362.87,1475.79,1603.19,1698.73,1825.69,1970.69,2101.90
"All property types","All bedrooms","Ballsbridge, Dublin 4",1664.94,1503.45,1360.61,1360.37,1394.47,1438.76,1556.61,1696.29,1791.80,1989.96,2181.04,2333.91
"All property types","All bedrooms","Donnybrook, Dublin 4",1601.00,1420.31,1312.32,1305.85,1301.44,1380.89,1539.73,1677.61,1790.58,1836.81,1913.63,2026.69
"All property types","All bedrooms","Irishtown, Dublin 4",1448.67,1238.43,1130.18,1111.05,1173.36,1230.00,1307.07,1370.12,1522.73,1679.85,1876.47,1967.23
"All property types","All bedrooms","Merrion, Dublin 4",1509.71,1354.61,1208.45,1201.29,1234.59,1330.96,1400.44,1512.98,1581.48,1610.15,1694.38,1785.08
"All property types","All bedrooms","Pembroke, Dublin 4",1302.09,1199.24,1125.32,1145.45,1199.89,1257.24,1350.37,1507.58,1609.92,1657.34,1837.92,1825.99
"All property types","All bedrooms","Ringsend, Dublin 4",1389.57,1259.60,1168.95,1174.22,1171.49,1205.73,1299.74,1412.61,1516.55,1629.66,1762.75,1876.21
"All property types","All bedrooms","Sandymount, Dublin 4",1701.29,1515.69,1434.25,1390.60,1381.21,1466.77,1571.45,1669.73,1766.61,1864.50,2024.00,2198.42
"All property types","All bedrooms","Dublin 5",1310.10,1193.23,1054.15,1014.15,1012.02,1036.51,1104.55,1184.86,1274.54,1374.68,1483.88,1594.13
"All property types","All bedrooms","Artane, Dublin 5",1311.39,1204.70,1059.43,1005.06,994.05,1018.74,1098.71,1142.21,1204.85,1341.13,1456.36,1549.01
"All property types","All bedrooms","Killester, Dublin 5",1355.67,1179.93,1044.34,1026.83,1015.82,1046.68,1161.63,1257.75,1282.20,1384.58,1570.82,1644.22
"All property types","All bedrooms","Raheny, Dublin 5",1357.68,1218.86,1085.73,1039.03,1042.74,1083.45,1129.50,1217.23,1346.76,1435.51,1528.72,1634.97
"All property types","All bedrooms","Dublin 6",1143.18,1073.17,993.92,956.29,970.55,1011.93,1094.92,1197.73,1285.26,1369.19,1472.39,1577.44
"All property types","All bedrooms","Dartry, Dublin 6",1619.58,1436.58,1319.40,1272.08,1324.58,1408.41,1444.77,1471.48,1552.88,1766.12,1862.84,2088.01
"All property types","All bedrooms","Harolds Cross, Dublin 6",1264.25,1116.51,1018.11,978.50,994.08,1043.73,1191.11,1334.88,1362.16,1402.17,1498.09,1553.98
"All property types","All bedrooms","Milltown, Dublin 6",1571.21,1417.68,1246.15,1242.97,1333.48,1393.77,1461.98,1592.87,1754.15,1854.20,1946.33,1993.86
"All property types","All bedrooms","Ranelagh, Dublin 6",1210.78,1163.23,1072.55,1004.70,1033.23,1084.66,1186.68,1313.36,1393.99,1515.11,1635.60,1757.73
"All property types","All bedrooms","Rathgar, Dublin 6",1095.66,1041.82,962.16,907.16,886.90,930.46,1009.79,1123.49,1217.34,1324.22,1467.28,1530.49
"All property types","All bedrooms","Rathmines, Dublin 6",1021.38,942.90,874.40,858.56,847.49,871.55,935.89,1008.85,1095.85,1164.40,1243.06,1356.83
"All property types","All bedrooms","Terenure, Dublin 6",1201.81,1165.58,1080.17,1022.23,1011.29,1123.03,1228.88,1271.84,1375.82,1465.23,1482.64,1646.46
"All property types","All bedrooms","Dublin 6W",1306.68,1210.99,1122.57,1089.74,1079.10,1134.60,1225.00,1319.35,1410.36,1519.66,1631.95,1702.17
"All property types","All bedrooms","Harolds Cross, Dublin 6W",1259.90,1144.49,1058.22,1032.85,1012.67,1074.92,1179.88,1231.99,1283.27,1419.98,1468.77,1475.21
"All property types","All bedrooms","Templeogue, Dublin 6W",1406.01,1254.97,1184.72,1215.41,1243.56,1275.08,1301.18,1391.65,1568.72,1720.37,1776.15,1847.74
"All property types","All bedrooms","Terenure, Dublin 6W",1470.70,1339.04,1253.63,1191.45,1203.03,1268.82,1353.59,1449.86,1565.65,1690.48,1810.88,1915.79
"All property types","All bedrooms","Dublin 7",1071.60,996.66,909.09,857.56,843.56,875.54,955.30,1046.39,1123.79,1195.60,1283.38,1385.43
"All property types","All bedrooms","Arbour Hill, Dublin 7",0.00,1200.19,1085.51,1047.73,1091.28,1127.60,1194.17,1209.25,1272.32,1479.72,1545.85,1668.22
"All property types","All bedrooms","Cabra, Dublin 7",987.42,949.55,893.77,834.04,771.98,808.88,888.04,968.04,1056.10,1129.51,1228.94,1337.67
"All property types","All bedrooms","Navan Road, Dublin 7",1257.82,1156.67,1042.44,983.15,1000.98,1052.64,1117.62,1205.46,1318.67,1431.63,1537.10,1618.99
"All property types","All bedrooms","North Circular Road, Dublin 7",1046.95,1004.62,979.17,929.59,838.48,860.61,924.43,1038.88,1174.41,1228.84,1233.84,1343.92
"All property types","All bedrooms","Phibsboro, Dublin 7",923.69,881.15,821.65,770.59,760.52,791.06,869.57,929.65,965.57,1029.30,1089.97,1142.02
"All property types","All bedrooms","Smithfield, Dublin 7",1349.41,1215.29,1090.36,1009.23,989.56,1056.97,1189.81,1283.38,1362.29,1434.15,1550.32,1643.60
"All property types","All bedrooms","Stoneybatter, Dublin 7",1124.44,1055.44,967.16,928.64,915.82,928.90,1009.96,1121.00,1259.14,1378.41,1433.92,1493.84
"All property types","All bedrooms","Dublin 8",1135.97,1041.61,939.20,907.83,917.01,962.90,1032.64,1120.67,1220.26,1335.90,1456.05,1544.33
"All property types","All bedrooms","Christchurch, Dublin 8",1207.70,1048.24,935.37,908.56,920.91,960.44,1027.24,1136.45,1227.69,1364.13,1477.48,1573.48
"All property types","All bedrooms","Cork Street, Dublin 8",1242.96,1118.32,990.61,943.20,952.08,1002.70,1075.33,1095.33,1178.40,1278.53,1372.21,1460.20
"All property types","All bedrooms","Dolphins Barn, Dublin 8",0.00,1061.59,952.70,904.49,894.26,875.12,0.00,0.00,0.00,0.00,0.00,0.00
"All property types","All bedrooms","Inchicore, Dublin 8",1166.15,1077.65,967.03,906.68,902.02,925.41,1028.66,1116.80,1209.52,1306.57,1357.04,1416.12
"All property types","All bedrooms","Islandbridge, Dublin 8",1126.10,1055.02,965.83,1013.51,1071.32,1153.45,1254.12,1401.49,1534.19,1696.86,1798.86,1862.00
"All property types","All bedrooms","Kilmainham , Dublin 8",1187.27,1092.54,1004.75,961.83,946.81,997.66,1077.99,1170.85,1275.66,1374.45,1488.60,1551.17
"All property types","All bedrooms","Portobello, Dublin 8",1057.60,968.79,907.45,875.86,859.33,909.28,1002.84,1051.90,1170.51,1330.36,1403.00,1440.14
"All property types","All bedrooms","Rialto, Dublin 8",1152.69,1016.56,900.11,885.34,891.75,936.80,1016.77,1098.79,1169.36,1269.64,1343.57,1451.41
"All property types","All bedrooms","South Circular Road, Dublin 8",963.85,983.48,895.19,805.63,734.65,804.34,869.81,954.82,1057.26,1120.29,1275.37,1421.69
"All property types","All bedrooms","The Coombe, Dublin 8",0.00,1075.28,932.20,902.77,928.93,960.16,1119.05,1177.73,1230.69,1277.40,1465.28,1499.94
"All property types","All bedrooms","Dublin 9",1201.33,1099.09,981.95,946.34,964.03,1053.34,1173.95,1273.26,1316.39,1378.42,1475.85,1557.09
"All property types","All bedrooms","Ballymun, Dublin 9",1083.75,939.98,801.31,773.61,771.22,775.62,846.07,980.54,1065.05,1148.12,1277.39,1362.98
"All property types","All bedrooms","Beaumont, Dublin 9",1265.24,1135.14,986.84,944.15,962.89,1006.27,1070.18,1177.73,1277.13,1390.60,1523.51,1631.01
"All property types","All bedrooms","Drumcondra, Dublin 9",1182.26,1094.35,1000.21,965.75,980.62,1038.38,1118.25,1222.84,1302.31,1405.20,1523.64,1546.95
"All property types","All bedrooms","Glasnevin, Dublin 9",1072.70,1020.94,965.38,925.88,944.65,1402.20,1454.83,1182.84,1286.64,1366.35,1456.44,1580.99
"All property types","All bedrooms","Santry, Dublin 9",1208.18,1114.17,974.24,926.23,947.67,990.21,1061.41,1162.69,1274.65,1348.82,1433.93,1541.25
"All property types","All bedrooms","Whitehall, Dublin 9",1338.95,1093.08,972.15,997.91,1049.38,1041.53,1158.81,1227.28,1309.07,1445.23,1435.94,1557.72
"All property types","All bedrooms","Dublin 10",1118.12,1035.31,923.82,866.74,871.16,889.64,916.52,973.86,1044.32,1122.91,1245.13,1345.40
"All property types","All bedrooms","Ballyfermot, Dublin 10",1147.98,1051.60,946.42,903.37,901.32,902.83,912.92,967.21,1028.70,1111.45,1228.97,1336.71
"All property types","All bedrooms","Cherry Orchard, Dublin 10",0.00,979.68,866.50,814.13,836.52,836.25,903.19,951.39,1010.72,1122.83,1263.36,1349.22
"All property types","All bedrooms","Dublin 11",1165.97,1053.76,942.46,895.28,903.81,923.56,992.02,1080.58,1170.76,1244.72,1358.62,1432.73
"All property types","All bedrooms","Ballymun, Dublin 11",1053.47,921.75,804.45,775.53,793.06,814.05,862.90,944.37,1034.97,1124.64,1233.85,1326.86
"All property types","All bedrooms","Finglas, Dublin 11",1164.83,1057.32,947.07,893.92,889.82,912.74,979.84,1067.84,1163.99,1240.40,1358.10,1421.07
"All property types","All bedrooms","Glasnevin, Dublin 11",1278.80,1157.89,1033.95,983.17,994.70,1018.91,1111.38,1198.22,1294.82,1336.25,1450.96,1514.51
"All property types","All bedrooms","Meakstown, Dublin 11",1225.08,1113.19,1012.64,944.84,922.64,927.27,955.15,1017.80,1094.73,1182.24,1249.23,1383.27
"All property types","All bedrooms","St Margarets Road, Dublin 11",1121.14,1060.04,976.63,937.97,948.78,962.41,1026.17,1120.85,1187.62,1237.64,1371.41,1413.06
"All property types","All bedrooms","Dublin 12",1251.14,1132.53,1003.02,959.63,957.84,983.97,1054.47,1144.02,1238.16,1316.14,1394.58,1494.43
"All property types","All bedrooms","Crumlin, Dublin 12",1203.20,1080.49,964.15,934.27,940.55,942.03,998.88,1114.95,1214.14,1276.40,1354.34,1507.45
"All property types","All bedrooms","Drimnagh, Dublin 12",1315.93,1197.44,1035.89,983.63,983.00,1018.08,1101.33,1181.87,1299.09,1378.78,1416.72,1479.47
"All property types","All bedrooms","Kimmage, Dublin 12",1222.02,1130.43,991.34,941.38,954.17,1021.06,1115.51,1248.47,1363.36,1416.66,1521.51,1602.47
"All property types","All bedrooms","Walkinstown, Dublin 12",1249.65,1153.86,1073.58,1020.40,994.98,986.60,1055.82,1135.30,1173.36,1247.90,1384.45,1457.88
"All property types","All bedrooms","Dublin 13",1326.99,1187.96,1051.05,1033.12,1050.20,1085.37,1152.08,1243.82,1363.09,1492.77,1587.83,1645.02
"All property types","All bedrooms","Baldoyle, Dublin 13",1351.58,1201.41,1048.15,1006.59,1006.07,1051.16,1140.93,1248.67,1301.78,1391.45,1502.85,1572.01
"All property types","All bedrooms","Balgriffin, Dublin 13",0.00,1233.86,1050.49,1039.82,1087.89,1174.64,1268.26,1412.86,1576.90,1706.21,1772.51,1841.61
"All property types","All bedrooms","Clongriffin, Dublin 13",1232.37,1118.39,1010.61,962.89,982.70,1045.98,1096.08,1163.54,1263.58,1366.83,1440.28,1499.05
"All property types","All bedrooms","Donaghmede, Dublin 13",1252.33,1101.80,1008.82,982.39,993.69,994.10,1048.65,1116.63,1214.37,1324.83,1365.08,1344.18
"All property types","All bedrooms","Sutton, Dublin 13",1527.77,1387.55,1225.26,1259.70,1289.97,1260.41,1354.37,1478.09,1525.28,1603.35,1791.50,1844.74
"All property types","All bedrooms","Dublin 14",1541.96,1402.32,1262.32,1233.59,1263.80,1322.43,1426.50,1538.87,1661.52,1770.15,1864.48,1974.49
"All property types","All bedrooms","Churchtown, Dublin 14",1604.51,1468.17,1351.39,1284.27,1294.46,1342.98,1434.10,1518.72,1622.98,1758.22,1939.05,2107.41
"All property types","All bedrooms","Clonskeagh, Dublin 14",1671.97,1553.54,1396.51,1324.46,1416.41,1487.80,1631.41,1780.94,1912.11,1950.14,2045.15,2167.16
"All property types","All bedrooms","Dundrum, Dublin 14",1508.56,1363.58,1201.84,1178.18,1194.25,1256.36,1383.67,1473.90,1582.67,1733.32,1818.36,1859.56
"All property types","All bedrooms","Goatstown, Dublin 14",1742.94,1618.61,1479.39,1458.54,1475.25,1558.65,1712.66,1779.26,1896.18,2048.67,2126.33,2308.59
"All property types","All bedrooms","Rathfarnham, Dublin 14",1407.53,1270.99,1162.87,1131.38,1148.32,1203.33,1296.53,1410.86,1555.25,1671.12,1731.11,1783.73
"All property types","All bedrooms","Dublin 15",1238.77,1122.47,999.58,955.76,954.67,984.54,1059.08,1158.58,1247.36,1332.75,1434.50,1517.75
"All property types","All bedrooms","Ashtown, Dublin 15",1249.39,1107.40,994.29,958.06,956.82,991.86,1088.37,1196.69,1268.30,1367.94,1481.90,1582.34
"All property types","All bedrooms","Blanchardstown, Dublin 15",1172.88,1076.84,957.30,905.13,916.65,938.28,1003.89,1097.10,1184.95,1259.40,1333.24,1411.51
"All property types","All bedrooms","Carpenterstown, Dublin 15",1204.37,1116.38,1000.43,954.74,966.70,1006.54,1059.49,1178.16,1260.41,1352.99,1433.65,1508.29
"All property types","All bedrooms","Castleknock, Dublin 15",1329.85,1203.25,1071.49,1033.67,1041.78,1095.49,1188.40,1296.31,1400.08,1505.01,1594.25,1679.27
"All property types","All bedrooms","Clonee, Dublin 15",1181.75,1076.08,963.79,924.39,924.19,944.90,1007.11,1104.58,1185.31,1261.55,1347.93,1399.98
"All property types","All bedrooms","Clonsilla, Dublin 15",1236.80,1123.53,1007.19,967.17,961.68,982.57,1045.05,1139.44,1217.85,1300.26,1495.53,1578.15
"All property types","All bedrooms","Coolmine, Dublin 15",1126.98,1025.96,978.96,953.19,933.02,946.14,1030.38,1102.64,1172.85,1192.81,1287.98,1463.69
"All property types","All bedrooms","Mulhuddart, Dublin 15",1119.68,1029.49,933.18,885.60,857.99,855.26,905.58,958.68,1045.78,1126.34,1208.80,1300.02
"All property types","All bedrooms","Ongar, Dublin 15",1149.91,1035.30,896.57,857.12,854.41,895.20,965.08,1045.38,1131.71,1209.53,1314.02,1360.26
"All property types","All bedrooms","Porterstown, Dublin 15",1161.08,1120.41,980.67,848.60,838.47,863.53,946.48,1090.08,1167.69,1237.05,1478.45,1587.35
"All property types","All bedrooms","Royal Canal Park, Dublin 15",1226.47,1104.57,988.21,944.90,943.28,992.89,1070.63,1166.35,1249.15,1303.13,1385.39,1459.75
"All property types","All bedrooms","Tyrrelstown, Dublin 15",1277.87,1116.59,978.76,939.55,954.08,964.40,1016.25,1124.52,1200.80,1281.13,1363.55,1434.34
"All property types","All bedrooms","Dublin 16",1433.66,1303.42,1174.68,1144.57,1145.19,1198.35,1287.91,1424.02,1547.68,1597.36,1713.41,1822.42
"All property types","All bedrooms","Ballinteer, Dublin 16",1450.19,1307.35,1182.80,1181.60,1209.50,1259.95,1365.29,1482.00,1584.24,1677.67,1768.99,1790.34
"All property types","All bedrooms","Dundrum, Dublin 16",1513.83,1397.84,1232.40,1207.31,1240.81,1287.21,1345.04,1660.76,1741.70,1766.44,1809.19,1892.39
"All property types","All bedrooms","Knocklyon, Dublin 16",1388.38,1266.55,1145.34,1104.33,1099.09,1163.03,1278.48,1371.59,1445.83,1521.93,1657.92,1801.17
"All property types","All bedrooms","Rathfarnham, Dublin 16",1423.89,1285.20,1150.76,1106.38,1112.67,1191.89,1283.75,1374.60,1499.52,1560.27,1690.06,1823.08
"All property types","All bedrooms","Sandyford, Dublin 16",1444.15,1305.99,1193.50,1150.24,1153.02,1149.93,1177.50,1208.80,1334.83,1480.56,1442.37,1640.48
"All property types","All bedrooms","Dublin 17",1259.42,1118.03,984.99,939.90,923.07,941.23,1004.41,1079.74,1142.19,1225.20,1348.86,1426.98
"All property types","All bedrooms","Malahide Road, Dublin 17",1278.54,1161.90,998.91,934.91,925.95,929.80,1021.77,1101.58,1164.23,1365.37,1605.82,1636.79
"All property types","All bedrooms","Northern Cross, Dublin 17",0.00,1030.61,987.09,962.97,892.04,918.94,953.37,0.00,0.00,1256.62,1341.87,0.00
"All property types","All bedrooms","Dublin 18",1511.56,1343.89,1210.08,1184.72,1200.39,1243.08,1350.21,1464.06,1588.82,1710.27,1788.42,1862.91
"All property types","All bedrooms","Cabinteely, Dublin 18",1418.51,1299.34,1154.61,1119.07,1145.63,1187.72,1276.57,1367.10,1480.97,1600.89,1693.24,1803.97
"All property types","All bedrooms","Carrickmines, Dublin 18",1593.18,1339.33,1228.36,1202.07,1226.62,1266.30,1357.36,1414.27,1558.62,1689.22,1697.51,1808.02
"All property types","All bedrooms","Foxrock, Dublin 18",2145.34,1826.76,1726.47,1742.38,1779.49,1806.21,1910.54,2030.47,2132.68,2370.00,2500.78,2566.44
"All property types","All bedrooms","Leopardstown, Dublin 18",1595.69,1392.58,1262.77,1227.05,1240.77,1294.32,1419.36,1575.34,1725.78,1842.47,1960.67,1999.79
"All property types","All bedrooms","Sandyford, Dublin 18",1456.54,1293.63,1129.83,1111.18,1144.53,1197.80,1304.94,1422.67,1541.10,1637.78,1712.39,1778.57
"All property types","All bedrooms","Stepaside, Dublin 18",1420.41,1230.80,1105.65,1059.75,1099.87,1128.51,1215.63,1314.74,1440.96,1522.52,1590.27,1701.15
"All property types","All bedrooms","Dublin 20",1198.25,1095.13,975.94,931.16,923.32,958.96,1026.19,1112.97,1173.71,1254.64,1394.17,1451.83
"All property types","All bedrooms","Chapelizod, Dublin 20",1193.42,1079.87,937.88,905.07,910.70,949.87,1017.22,1110.11,1095.90,1174.89,1365.75,1417.85
"All property types","All bedrooms","Palmerstown, Dublin 20",1220.99,1124.98,1026.52,959.90,941.28,977.28,1041.38,1196.71,1287.88,1348.89,1405.04,1470.59
"All property types","All bedrooms","Clondalkin, Dublin 22",1136.10,1037.56,916.55,880.56,893.97,913.21,957.26,1028.55,1105.01,1180.53,1284.00,1376.40
"All property types","All bedrooms","Dublin 24",1201.83,1063.70,948.14,911.47,910.57,929.36,1005.84,1106.62,1159.10,1244.63,1346.49,1426.49
"All property types","All bedrooms","Ballycullen, Dublin 24",1304.91,1177.27,1057.85,1016.79,1038.79,1037.45,1093.32,1194.21,1299.01,1388.82,1467.38,1554.65
"All property types","All bedrooms","Citywest, Dublin 24",1209.86,1093.78,950.20,920.15,927.63,957.86,1027.56,1112.09,1206.02,1280.48,1389.32,1484.28
"All property types","All bedrooms","Firhouse, Dublin 24",1246.29,1150.70,1052.42,1003.27,1003.65,1042.00,1104.61,1186.81,1284.86,1353.27,1405.29,1543.69
"All property types","All bedrooms","Tallaght, Dublin 24",1177.42,1038.22,925.97,894.85,889.91,907.01,1001.35,1102.62,1139.79,1225.45,1320.49,1381.81
"All property types","All bedrooms","Galway",849.27,787.94,738.16,724.97,731.56,732.12,758.14,807.02,867.82,918.53,978.72,1049.08
"All property types","All bedrooms","Galway City",922.76,841.82,800.86,790.10,797.08,805.99,837.39,888.85,963.69,1025.63,1098.40,1166.80
"All property types","All bedrooms","Athenry, Galway",704.70,645.91,582.16,562.34,561.34,569.37,590.69,630.02,676.89,751.89,841.35,886.92
"All property types","All bedrooms","Ballinasloe, Galway",608.70,562.79,521.16,486.07,481.14,473.74,485.37,499.09,540.90,572.75,614.14,674.25
"All property types","All bedrooms","Ballybane, Galway",806.56,706.74,683.89,652.32,760.29,682.08,702.86,766.95,807.76,832.74,896.96,980.73
"All property types","All bedrooms","Ballybrit, Galway",866.09,669.05,649.91,619.42,613.70,635.49,662.27,840.35,954.64,1045.46,1157.48,1161.80
"All property types","All bedrooms","Barna, Galway",981.81,912.08,834.24,816.66,835.60,849.45,876.94,928.00,1023.62,1111.33,1193.34,1305.02
"All property types","All bedrooms","Bohermore, Galway",983.92,920.95,856.59,829.34,841.53,847.70,908.94,959.17,1043.84,1027.93,1170.26,1239.87
"All property types","All bedrooms","Claregalway, Galway",787.02,743.09,681.10,680.21,671.55,665.05,679.67,748.65,775.32,874.12,924.10,998.72
"All property types","All bedrooms","Clifden, Galway",608.73,590.98,552.75,505.26,491.23,498.98,488.23,519.78,527.00,574.95,605.39,656.88
"All property types","All bedrooms","Doughiska, Galway",839.98,767.46,710.71,708.06,710.72,712.61,739.63,785.59,863.40,942.15,1007.18,1056.78
"All property types","All bedrooms","Gort, Galway",767.15,669.68,576.25,572.63,545.64,558.70,551.98,571.87,621.41,676.13,739.39,815.13
"All property types","All bedrooms","Headford, Galway",955.23,820.93,768.29,755.29,785.75,799.35,812.70,836.34,891.12,932.84,1006.70,1056.53
"All property types","All bedrooms","Knocknacarra, Galway",870.06,816.68,752.43,744.27,763.12,779.17,818.39,858.88,929.78,1004.76,1060.91,1085.93
"All property types","All bedrooms","Loughrea, Galway",625.23,560.35,499.71,489.25,492.83,485.32,499.14,553.86,626.63,679.41,725.04,816.82
"All property types","All bedrooms","Mervue, Galway",0.00,0.00,0.00,0.00,0.00,0.00,0.00,0.00,0.00,0.00,0.00,0.00
"All property types","All bedrooms","Monivea, Galway",0.00,0.00,0.00,0.00,0.00,692.91,708.10,0.00,0.00,0.00,0.00,0.00
"All property types","All bedrooms","Moycullen, Galway",721.74,711.07,676.18,655.22,646.20,680.79,666.76,709.07,801.12,849.39,941.78,1023.37
"All property types","All bedrooms","Newcastle, Galway",1023.93,963.16,940.66,892.83,952.92,990.77,1054.81,1053.63,1146.98,1136.16,1233.72,1244.85
"All property types","All bedrooms","Oranmore, Galway",826.43,776.14,720.97,706.77,701.94,707.27,731.45,798.17,849.61,908.96,982.24,1044.02
"All property types","All bedrooms","Oughterard, Galway",662.93,633.29,599.65,592.71,579.22,561.41,583.31,602.31,630.05,664.77,715.28,814.96
"All property types","All bedrooms","Portumna, Galway",634.34,558.04,468.67,449.23,403.19,400.23,417.23,438.57,472.98,499.14,557.57,610.24
"All property types","All bedrooms","Rahoon, Galway",899.70,852.44,808.86,782.90,792.58,807.05,822.29,882.59,936.72,960.33,1048.43,1100.62
"All property types","All bedrooms","Renmore, Galway",721.04,762.32,739.81,718.68,710.84,732.35,772.83,817.12,868.20,983.18,1076.78,1120.55
"All property types","All bedrooms","Roscam, Galway",941.03,905.68,830.95,817.98,829.16,826.41,863.30,907.66,1004.95,1080.31,1152.74,1211.23
"All property types","All bedrooms","Salthill, Galway",925.94,866.45,811.54,793.99,806.68,821.11,839.78,899.72,984.63,1023.66,1082.59,1175.88
"All property types","All bedrooms","Tuam, Galway",651.97,621.79,567.94,527.44,515.14,510.24,524.58,561.69,606.59,668.82,735.36,803.22
"All property types","All bedrooms","Wellpark, Galway",943.79,878.80,809.70,814.17,816.79,847.09,846.93,860.76,987.20,1013.79,1057.62,1110.28
"All property types","All bedrooms","Woodquay, Galway",1138.86,1028.94,910.16,912.22,866.27,896.26,953.06,1019.45,995.64,1123.12,1345.04,0.00
"All property types","All bedrooms","Kerry",682.31,654.66,595.61,563.87,547.14,539.73,551.44,574.63,599.64,631.36,669.27,718.51
"All property types","All bedrooms","Castleisland, Kerry",648.37,604.77,556.94,510.07,500.86,485.06,497.50,500.97,525.05,556.35,593.91,621.61
"All property types","All bedrooms","Dingle, Kerry",742.58,668.11,547.18,493.69,506.53,486.98,471.74,505.29,548.64,598.54,624.07,615.56
"All property types","All bedrooms","Kenmare, Kerry",733.63,617.64,508.30,473.21,467.54,472.58,484.10,519.55,568.81,628.69,667.95,704.14
"All property types","All bedrooms","Killarney, Kerry",799.91,747.15,657.23,614.78,599.82,609.62,635.16,669.35,702.82,744.52,789.02,855.54
"All property types","All bedrooms","Killorglin, Kerry",663.17,626.74,566.29,540.65,499.78,496.02,510.32,530.48,559.63,584.42,632.17,689.03
"All property types","All bedrooms","Listowel, Kerry",604.82,561.93,514.49,482.92,467.04,466.43,464.23,472.13,494.50,521.60,547.42,578.57
"All property types","All bedrooms","Tralee, Kerry",668.66,660.43,601.29,580.53,565.43,549.38,557.68,578.68,597.10,621.84,660.48,707.32
"All property types","All bedrooms","Kildare",1016.26,922.84,822.89,786.45,777.10,788.05,841.16,918.29,992.54,1062.67,1117.35,1177.92
"All property types","All bedrooms","Kildare Town",860.94,786.92,719.53,691.25,659.79,665.59,706.70,754.62,814.20,903.60,976.69,1014.84
"All property types","All bedrooms","Athy, Kildare",726.11,672.75,604.18,568.97,549.79,543.61,558.65,596.28,659.66,721.92,794.18,867.82
"All property types","All bedrooms","Castledermot, Kildare",766.25,718.75,636.70,591.75,573.14,576.90,611.28,654.65,696.08,772.16,844.10,902.46
"All property types","All bedrooms","Celbridge, Kildare",1129.26,1022.29,921.53,888.44,883.15,905.04,959.95,1034.08,1108.39,1179.51,1220.89,1284.87
"All property types","All bedrooms","Clane, Kildare",993.77,882.28,766.80,737.74,742.10,787.05,849.54,911.54,987.17,1058.06,1129.43,1170.54
"All property types","All bedrooms","Kilcock, Kildare",993.78,898.14,803.11,770.94,758.13,767.09,827.53,896.77,974.20,1041.34,1108.00,1156.02
"All property types","All bedrooms","Kilcullen, Kildare",917.57,855.50,781.42,720.39,710.80,711.20,761.40,840.30,915.14,972.52,1024.64,1039.54
"All property types","All bedrooms","Kill, Kildare",1086.18,965.56,838.66,803.25,835.53,859.47,892.87,974.44,1065.60,1111.56,1194.81,1325.28
"All property types","All bedrooms","Leixlip, Kildare",1154.20,1059.51,938.85,923.04,917.65,925.64,1005.66,1120.42,1190.83,1249.56,1291.36,1354.38
"All property types","All bedrooms","Maynooth, Kildare",1155.06,1073.44,959.41,910.70,909.44,942.23,1039.74,1131.60,1227.95,1310.85,1358.08,1454.36
"All property types","All bedrooms","Monasterevin, Kildare",778.23,739.02,664.21,637.36,618.46,610.54,651.25,708.17,776.40,850.49,907.06,926.87
"All property types","All bedrooms","Naas, Kildare",1062.09,952.45,843.22,804.91,801.57,816.47,887.25,979.84,1064.64,1139.17,1200.99,1265.95
"All property types","All bedrooms","Newbridge, Kildare",972.17,894.64,800.51,752.78,740.80,740.96,765.43,833.72,911.54,968.72,1009.73,1052.65
"All property types","All bedrooms","Rathangan, Kildare",780.53,729.48,682.93,672.66,660.03,637.86,663.22,714.06,812.12,862.00,890.95,951.71
"All property types","All bedrooms","Sallins, Kildare",1013.66,902.53,788.57,764.31,761.50,792.00,840.78,929.85,1016.84,1098.92,1147.95,1200.48
"All property types","All bedrooms","Kilkenny",773.70,713.01,643.08,601.16,591.58,595.83,608.87,642.84,693.92,734.82,790.41,834.32
"All property types","All bedrooms","Kilkenny City",773.54,713.10,630.85,603.97,596.97,600.60,619.13,653.14,711.28,764.59,817.31,857.57
"All property types","All bedrooms","Callan, Kilkenny",826.67,745.21,681.54,624.03,579.78,585.08,592.85,616.86,659.86,700.53,756.52,799.54
"All property types","All bedrooms","Castlecomer, Kilkenny",789.05,760.41,707.75,671.21,645.42,630.85,650.46,679.16,736.10,781.94,845.28,935.72
"All property types","All bedrooms","Freshford, Kilkenny",791.01,740.66,645.35,593.21,612.49,623.95,619.96,660.17,721.61,737.17,789.22,785.02
"All property types","All bedrooms","Kells, Kilkenny",874.76,856.18,782.73,687.16,682.73,702.34,696.79,755.43,803.97,834.53,908.97,0.00
"All property types","All bedrooms","Thomastown, Kilkenny",731.35,650.46,598.67,576.42,585.54,582.07,587.80,616.86,643.56,707.12,788.66,812.85
"All property types","All bedrooms","Laois",703.68,640.75,565.29,527.68,520.25,516.38,536.61,579.22,638.33,697.45,757.77,825.48
"All property types","All bedrooms","Mountmellick, Laois",649.95,570.80,519.20,470.72,465.01,459.71,475.75,503.82,556.66,617.29,668.40,715.99
"All property types","All bedrooms","Mountrath, Laois",664.10,628.75,544.72,501.10,509.14,482.35,512.36,561.55,614.07,662.52,709.00,736.73
"All property types","All bedrooms","Portarlington, Laois",664.38,603.74,523.74,486.36,478.47,475.85,482.62,527.72,604.45,646.64,706.15,798.94
"All property types","All bedrooms","Portlaoise, Laois",719.27,654.94,577.08,539.28,535.55,534.11,560.45,606.32,666.16,731.85,795.52,877.73
"All property types","All bedrooms","Leitrim",542.78,497.16,445.13,416.99,400.63,401.19,413.95,432.01,454.74,480.13,507.11,530.76
"All property types","All bedrooms","Carrick-On-Shannon, Leitrim",563.82,510.98,441.54,410.52,396.43,405.29,426.54,447.10,481.57,517.08,536.61,557.24
"All property types","All bedrooms","Manorhamilton, Leitrim",501.02,455.10,439.38,416.54,405.08,393.12,394.24,420.32,403.93,401.92,455.37,497.83
"All property types","All bedrooms","Limerick",797.62,740.26,648.45,641.81,659.21,621.56,628.87,662.26,720.33,788.82,874.88,949.85
"All property types","All bedrooms","Limerick City",806.04,709.44,647.23,634.73,621.81,614.69,629.55,670.25,729.75,794.94,888.85,968.05
"All property types","All bedrooms","Abbeyfeale, Limerick",535.88,511.50,479.53,473.15,464.01,467.30,448.32,450.91,489.65,518.48,518.54,535.66
"All property types","All bedrooms","Annacotty, Limerick",928.01,873.27,782.71,758.23,767.35,790.45,809.70,841.24,891.72,985.73,1087.15,1152.00
"All property types","All bedrooms","Castleconnell, Limerick",1034.99,987.05,730.95,721.54,734.50,704.66,721.08,749.03,801.83,868.31,953.86,1033.80
"All property types","All bedrooms","Castletroy, Limerick",958.84,1013.39,718.28,724.55,953.86,748.67,708.80,749.01,810.66,958.91,1121.43,1193.35
"All property types","All bedrooms","Corbally, Limerick",789.45,738.46,696.37,672.79,648.94,636.79,652.21,688.07,727.60,786.33,882.56,934.87
"All property types","All bedrooms","Dock Road, Limerick",667.14,599.17,524.66,481.10,461.88,461.62,490.33,530.81,577.21,640.10,724.31,812.19
"All property types","All bedrooms","Dooradoyle, Limerick",839.12,773.70,704.54,689.25,675.52,670.82,694.02,737.20,801.31,871.07,957.61,1032.66
"All property types","All bedrooms","Glen, Limerick",0.00,0.00,0.00,0.00,0.00,0.00,0.00,0.00,0.00,0.00,0.00,0.00
"All property types","All bedrooms","Kilmallock, Limerick",616.22,600.45,557.98,544.87,523.20,514.20,509.15,526.42,551.76,599.08,610.16,645.29
"All property types","All bedrooms","Newcastle West, Limerick",593.34,556.34,531.04,516.90,497.98,500.47,509.35,517.00,545.71,564.47,615.37,646.95
"All property types","All bedrooms","Old Cratloe Road, Limerick",671.87,553.19,658.07,756.39,661.73,603.57,684.53,687.54,748.19,807.64,0.00,0.00
"All property types","All bedrooms","Raheen, Limerick",827.84,745.82,681.56,677.82,670.16,661.13,676.33,722.98,786.50,862.46,976.35,1034.01
"All property types","All bedrooms","Longford",563.62,525.07,468.72,435.66,418.54,405.18,409.26,431.80,465.02,508.00,554.07,590.56
"All property types","All bedrooms","Longford Town",543.03,510.31,435.21,417.43,407.38,399.10,410.33,429.99,474.85,524.63,566.66,606.89
"All property types","All bedrooms","Ballymahon, Longford",538.45,506.85,463.62,431.23,410.26,386.61,387.35,420.78,451.38,498.23,571.23,619.17
"All property types","All bedrooms","Edgeworthstown, Longford",557.66,510.44,436.46,410.86,394.08,391.74,398.65,423.67,445.29,474.31,524.22,561.19
"All property types","All bedrooms","Newtownforbes, Longford",496.01,471.34,428.19,398.09,384.93,374.66,382.77,403.82,433.95,500.14,546.91,587.02
"All property types","All bedrooms","Louth",830.29,752.16,672.81,639.83,628.13,628.90,650.90,697.13,766.95,861.26,943.46,1002.61
"All property types","All bedrooms","Ardee, Louth",797.22,717.19,642.06,600.47,610.69,607.70,623.09,633.81,669.91,749.64,837.80,911.36
"All property types","All bedrooms","Drogheda, Louth",866.08,777.08,686.67,651.47,638.04,645.63,670.51,726.79,816.13,926.73,997.18,1046.45
"All property types","All bedrooms","Dundalk, Louth",761.79,708.96,656.08,629.14,617.95,610.97,632.14,673.96,726.58,803.83,898.07,973.76
"All property types","All bedrooms","Louth Town",0.00,0.00,0.00,0.00,0.00,0.00,0.00,0.00,0.00,0.00,0.00,0.00
"All property types","All bedrooms","Mayo",647.31,624.99,582.17,550.84,530.02,515.06,518.70,525.30,541.87,566.86,597.69,635.75
"All property types","All bedrooms","Ballina, Mayo",620.86,609.54,589.83,567.41,550.11,536.15,535.21,541.04,545.50,553.11,574.54,608.62
"All property types","All bedrooms","Ballinrobe, Mayo",619.31,557.36,518.31,489.75,464.48,448.98,485.35,492.12,477.00,491.94,528.76,567.74
"All property types","All bedrooms","Ballyhaunis, Mayo",608.94,560.90,503.63,463.98,450.52,430.94,448.80,454.04,470.99,476.43,472.83,520.32
"All property types","All bedrooms","Belmullet, Mayo",760.36,740.10,662.49,593.95,574.42,579.16,582.79,544.76,536.32,546.92,538.34,552.98
"All property types","All bedrooms","Castlebar, Mayo",665.35,645.14,588.39,554.33,532.00,521.85,525.32,533.38,557.44,588.97,633.60,682.30
"All property types","All bedrooms","Charlestown, Mayo",527.07,504.91,482.90,466.79,433.01,404.45,402.21,419.43,442.21,498.11,514.45,534.99
"All property types","All bedrooms","Claremorris, Mayo",612.51,581.38,533.83,517.02,491.50,467.68,473.01,484.88,509.92,536.86,570.24,603.93
"All property types","All bedrooms","Foxford, Mayo",605.80,595.68,537.04,501.74,521.90,481.43,467.89,497.27,514.23,545.59,557.50,581.70
"All property types","All bedrooms","Swinford, Mayo",525.31,528.83,476.46,456.28,434.68,437.46,433.45,427.43,433.70,453.81,477.08,522.47
"All property types","All bedrooms","Westport, Mayo",722.73,706.36,663.48,629.61,613.15,598.23,600.92,620.26,653.81,687.77,714.45,744.68
"All property types","All bedrooms","Meath",893.86,811.49,721.62,686.90,678.19,681.96,719.82,794.25,879.14,966.89,1039.48,1104.24
"All property types","All bedrooms","Ashbourne, Meath",1074.17,958.73,839.61,803.41,809.66,816.72,874.50,970.21,1074.48,1151.50,1215.84,1264.05
"All property types","All bedrooms","Athboy, Meath",734.56,688.48,599.81,563.44,553.50,555.02,587.56,640.92,681.84,746.68,841.20,905.18
"All property types","All bedrooms","Bettystown, Meath",937.83,836.78,750.62,695.40,671.12,686.39,725.54,807.44,902.42,1014.98,1069.28,1141.07
"All property types","All bedrooms","Clonee, Meath",1084.25,1002.20,905.32,839.23,823.98,872.81,938.76,997.78,1106.32,1190.49,1260.93,1315.21
"All property types","All bedrooms","Drogheda, Meath",1037.85,908.99,791.56,750.16,742.50,753.29,783.89,852.54,941.59,1098.67,1172.63,1220.62
"All property types","All bedrooms","Duleek, Meath",927.12,800.86,704.13,709.62,704.59,698.13,682.76,749.73,864.27,933.72,1025.33,1076.52
"All property types","All bedrooms","Dunboyne, Meath",1121.74,1025.40,926.24,875.58,883.13,907.73,977.88,1063.15,1155.49,1310.28,1407.74,1353.48
"All property types","All bedrooms","Dunshaughlin, Meath",934.61,846.14,768.26,749.13,718.28,722.65,769.53,875.58,895.55,954.18,1032.38,1210.94
"All property types","All bedrooms","Enfield, Meath",847.39,817.57,695.39,668.02,678.14,708.16,761.17,851.96,976.15,1058.03,1115.88,1172.68
"All property types","All bedrooms","Kells, Meath",729.09,660.78,590.71,560.03,559.67,555.24,564.43,621.47,689.02,740.63,787.13,862.85
"All property types","All bedrooms","Laytown, Meath",885.02,817.51,718.62,690.41,677.02,675.74,709.40,778.10,920.13,980.71,1044.83,1105.19
"All property types","All bedrooms","Navan, Meath",828.64,753.58,667.87,636.15,616.73,619.39,655.47,727.02,817.01,902.12,992.53,1073.84
"All property types","All bedrooms","Ratoath, Meath",1093.65,975.89,852.32,832.61,835.79,852.23,917.90,1020.51,1131.90,1232.37,1270.90,1290.23
"All property types","All bedrooms","Stamullen, Meath",1031.15,906.97,788.21,714.30,722.93,764.63,777.55,821.80,964.63,1067.29,1130.69,1182.36
"All property types","All bedrooms","Trim, Meath",799.25,750.62,692.57,664.05,654.28,648.29,674.42,717.34,780.41,893.31,985.21,1041.33
"All property types","All bedrooms","Monaghan",618.96,569.84,522.59,505.92,497.29,492.88,500.71,510.51,535.41,569.56,603.46,637.54
"All property types","All bedrooms","Ballybay, Monaghan",532.01,493.30,473.20,446.62,418.21,393.41,395.55,411.37,435.71,479.32,523.92,547.77
"All property types","All bedrooms","Carrickmacross, Monaghan",637.14,591.55,557.55,550.97,528.25,514.20,524.62,537.84,563.56,616.85,675.07,710.41
"All property types","All bedrooms","Castleblayney, Monaghan",625.35,575.18,521.81,512.51,491.05,479.94,491.70,498.58,527.18,567.09,592.42,611.39
"All property types","All bedrooms","Monaghan Town",0.00,516.57,523.07,520.12,518.38,524.98,531.27,529.26,550.49,581.54,598.61,641.76
"All property types","All bedrooms","Offaly",694.58,631.99,574.65,546.82,535.89,535.45,544.19,567.52,593.44,632.19,674.34,732.83
"All property types","All bedrooms","Banagher, Offaly",578.19,558.08,514.35,511.90,490.01,504.91,558.29,571.92,547.24,542.97,542.05,561.25
"All property types","All bedrooms","Birr, Offaly",645.00,590.94,563.63,529.60,527.33,530.77,512.05,527.11,540.83,555.74,564.75,590.68
"All property types","All bedrooms","Clara, Offaly",640.86,609.53,533.00,486.39,485.07,495.37,524.73,545.95,566.58,557.40,604.51,684.31
"All property types","All bedrooms","Edenderry, Offaly",732.87,652.04,577.24,541.68,536.45,538.91,558.79,577.73,603.81,671.22,716.90,779.18
"All property types","All bedrooms","Tullamore, Offaly",714.93,644.68,588.21,562.89,544.56,543.66,554.59,582.15,615.95,663.49,723.40,803.88
"All property types","All bedrooms","Roscommon",619.26,560.56,511.81,490.64,469.50,455.88,465.22,471.31,489.29,528.25,573.99,615.31
"All property types","All bedrooms","Athlone, Roscommon",738.32,675.52,622.26,597.90,569.33,570.50,594.36,612.14,646.78,703.40,773.18,838.56
"All property types","All bedrooms","Ballaghaderreen, Roscommon",541.06,518.18,480.20,441.87,401.56,375.38,356.51,352.86,355.80,381.47,409.86,443.04
"All property types","All bedrooms","Boyle, Roscommon",551.22,501.06,454.79,434.33,432.64,419.66,414.39,422.32,445.01,475.41,512.11,556.95
"All property types","All bedrooms","Castlerea, Roscommon",586.28,513.92,455.55,429.14,401.49,389.19,393.43,399.99,411.72,440.57,484.45,515.52
"All property types","All bedrooms","Roscommon Town",727.80,656.45,594.69,535.85,515.50,507.44,514.83,527.99,537.07,570.18,636.06,680.85
"All property types","All bedrooms","Strokestown, Roscommon",0.00,482.40,438.87,447.69,413.48,392.88,448.47,445.50,419.88,508.55,522.62,528.02
"All property types","All bedrooms","Sligo",640.06,597.95,594.29,570.42,573.30,626.35,674.87,794.53,642.07,659.06,671.13,762.33
"All property types","All bedrooms","Sligo Town",0.00,593.61,570.15,568.29,557.18,562.09,594.71,616.66,625.14,649.08,682.53,743.30
"All property types","All bedrooms","Ballinode, Sligo",860.36,876.67,932.01,928.20,900.80,923.08,948.74,981.76,936.58,922.04,1020.20,1859.59
"All property types","All bedrooms","Ballisodare, Sligo",650.54,587.58,557.60,553.48,539.39,532.65,523.48,519.49,550.07,602.87,634.66,688.94
"All property types","All bedrooms","Ballymote, Sligo",479.19,460.28,443.44,426.32,413.99,444.89,497.90,476.38,486.58,505.78,575.08,616.33
"All property types","All bedrooms","Ballytivnan, Sligo",707.16,712.66,771.54,711.44,739.57,668.72,1003.33,2257.25,775.18,976.53,0.00,0.00
"All property types","All bedrooms","Collooney, Sligo",643.79,583.11,536.79,511.34,512.44,530.26,529.01,525.90,551.53,603.73,629.54,668.30
"All property types","All bedrooms","Lough Gill, Sligo",286.95,308.33,584.08,308.33,272.92,0.00,510.82,2031.25,987.39,0.00,0.00,0.00
"All property types","All bedrooms","Strandhill, Sligo",769.55,717.06,697.47,670.92,702.78,738.09,709.62,719.67,761.77,816.41,806.32,826.41
"All property types","All bedrooms","Tubbercurry, Sligo",493.66,462.50,428.56,401.88,387.40,395.12,398.02,408.11,434.19,474.62,520.51,580.34
"All property types","All bedrooms","Tipperary",672.92,635.18,589.05,567.08,550.08,537.20,541.54,551.72,566.27,594.45,627.76,662.59
"All property types","All bedrooms","Tipperary Town",635.29,558.35,529.27,515.75,503.66,477.23,489.73,495.02,500.09,524.30,562.01,595.88
"All property types","All bedrooms","Ballina, Tipperary",739.93,740.02,693.70,637.40,622.50,633.45,636.68,676.50,720.27,754.74,802.73,886.83
"All property types","All bedrooms","Cahir, Tipperary",668.48,624.86,581.09,572.72,534.54,537.52,533.16,525.15,524.61,551.18,601.39,618.45
"All property types","All bedrooms","Carrick-On-Suir, Tipperary",710.49,629.17,550.97,544.26,530.10,504.02,545.03,573.68,535.14,566.39,595.35,642.31
"All property types","All bedrooms","Cashel, Tipperary",708.99,621.66,558.59,544.43,539.90,516.45,509.51,526.21,555.21,590.79,625.46,647.68
"All property types","All bedrooms","Clonmel, Tipperary",710.54,682.32,644.78,628.58,613.40,585.06,592.96,609.65,626.75,660.82,682.71,721.52
"All property types","All bedrooms","Fethard, Tipperary",675.67,613.23,582.03,545.11,499.66,568.57,575.91,539.05,573.80,591.90,613.91,651.07
"All property types","All bedrooms","Nenagh, Tipperary",679.18,636.19,571.14,534.99,513.26,507.60,513.30,529.53,547.90,576.53,628.38,672.88
"All property types","All bedrooms","Roscrea, Tipperary",611.00,596.02,559.82,534.24,526.33,531.30,533.00,540.39,552.36,573.60,583.83,604.85
"All property types","All bedrooms","Templemore, Tipperary",582.21,597.04,531.38,501.02,505.10,477.76,457.91,478.68,514.13,527.61,559.51,585.11
"All property types","All bedrooms","Thurles, Tipperary",602.77,594.01,560.92,546.47,533.20,516.46,515.14,527.68,551.76,570.91,600.66,628.97
"All property types","All bedrooms","Waterford",687.51,646.36,597.76,587.60,575.24,561.49,561.35,577.83,615.92,667.66,724.79,774.76
"All property types","All bedrooms","Waterford City",693.11,653.30,596.89,596.22,580.38,567.77,566.12,584.75,627.79,684.20,748.09,804.39
"All property types","All bedrooms","Ballytruckle, Waterford",483.44,411.64,391.32,521.03,526.81,515.77,522.18,541.45,593.28,667.28,702.56,0.00
"All property types","All bedrooms","Canada Street, Waterford",0.00,0.00,0.00,558.15,0.00,0.00,0.00,562.94,620.98,685.35,761.22,838.73
"All property types","All bedrooms","Castle Place, Waterford",0.00,0.00,550.38,640.97,513.27,549.00,534.54,595.59,603.28,0.00,0.00,944.77
"All property types","All bedrooms","Cork Road, Waterford",573.40,554.74,517.33,651.45,714.81,679.61,661.03,662.67,704.94,732.69,798.83,936.40
"All property types","All bedrooms","Dungarvan, Waterford",706.04,650.10,593.38,574.66,557.47,540.41,547.47,554.86,582.14,636.66,688.09,734.82
"All property types","All bedrooms","Dunmore East, Waterford",763.89,714.84,650.63,615.09,636.22,586.76,565.05,591.93,644.03,707.41,756.69,817.99
"All property types","All bedrooms","Dunmore Road, Waterford",826.21,788.85,722.39,689.76,685.11,677.39,674.25,706.07,764.28,828.26,888.14,935.55
"All property types","All bedrooms","Ferrybank, Waterford",788.08,720.29,666.23,629.03,604.21,589.87,588.77,608.24,658.92,726.48,777.69,833.60
"All property types","All bedrooms","Inner Ring Road, Waterford",0.00,0.00,0.00,0.00,0.00,0.00,0.00,0.00,0.00,0.00,0.00,614.12
"All property types","All bedrooms","Johns Hill, Waterford",688.67,641.82,576.84,549.28,521.22,553.63,545.84,567.79,606.30,700.39,763.21,780.71
"All property types","All bedrooms","Lismore, Waterford",675.79,633.94,615.55,574.10,516.00,527.35,524.31,559.85,607.29,621.23,677.44,803.28
"All property types","All bedrooms","Mary Street, Waterford",657.07,611.27,540.60,527.76,539.68,492.47,492.53,508.76,587.86,654.58,675.00,730.15
"All property types","All bedrooms","Penrose Lane, Waterford",664.71,594.48,522.85,500.20,468.40,460.33,483.10,507.43,558.65,655.81,708.96,759.75
"All property types","All bedrooms","Poleberry, Waterford",521.25,476.74,522.49,520.85,504.59,490.29,453.67,537.39,422.21,497.03,647.97,682.03
"All property types","All bedrooms","Portlaw, Waterford",644.24,599.16,541.44,530.76,523.40,492.96,499.52,504.17,536.05,591.52,612.65,658.06
"All property types","All bedrooms","Railway Square, Waterford",0.00,0.00,0.00,0.00,543.52,547.60,597.81,0.00,727.34,0.00,0.00,0.00
"All property types","All bedrooms","Scotch Quay, Waterford",0.00,574.24,485.94,513.01,501.85,468.00,485.78,515.62,534.03,619.56,690.80,0.00
"All property types","All bedrooms","Templars Hall, Waterford",856.67,723.16,735.33,765.40,812.48,850.99,856.97,853.51,906.75,892.55,999.22,1149.68
"All property types","All bedrooms","Tramore, Waterford",714.92,662.89,604.45,564.11,558.30,562.77,561.87,575.52,600.59,635.37,687.64,743.53
"All property types","All bedrooms","Westmeath",673.19,626.44,582.85,564.56,541.08,542.95,549.90,619.57,627.40,670.56,727.64,786.34
"All property types","All bedrooms","Athlone, Westmeath",697.37,661.86,628.67,617.79,583.93,589.28,592.03,723.74,670.39,700.93,764.81,826.54
"All property types","All bedrooms","Castlepollard, Westmeath",572.66,519.26,489.25,459.67,453.50,461.40,462.31,478.33,539.64,599.01,621.68,640.74
"All property types","All bedrooms","Kilbeggan, Westmeath",706.21,627.43,542.83,524.34,503.38,469.02,475.94,505.56,559.46,621.91,673.75,722.74
"All property types","All bedrooms","Kinnegad, Westmeath",675.58,609.24,545.78,523.63,521.67,531.34,558.06,621.42,680.63,712.59,766.89,827.56
"All property types","All bedrooms","Moate, Westmeath",657.13,614.36,549.01,517.47,500.07,484.15,499.79,527.33,563.90,619.30,690.63,737.37
"All property types","All bedrooms","Mullingar, Westmeath",645.41,597.76,551.18,530.26,518.05,515.65,527.70,555.22,603.52,654.57,706.96,773.25
"All property types","All bedrooms","Wexford",703.56,662.17,615.84,589.66,566.37,559.07,562.20,576.36,610.50,647.81,692.29,733.23
"All property types","All bedrooms","Bunclody, Wexford",694.91,659.77,615.85,578.74,538.54,541.07,529.55,523.54,557.37,576.24,585.07,653.18
"All property types","All bedrooms","Clonard, Wexford",755.31,711.80,667.13,645.91,625.84,645.21,639.10,644.17,694.37,714.14,736.66,772.42
"All property types","All bedrooms","Enniscorthy, Wexford",674.83,629.38,580.08,558.21,538.50,523.38,525.31,532.64,557.07,583.04,617.97,655.10
"All property types","All bedrooms","Ferns, Wexford",686.27,640.15,599.43,603.43,571.71,549.60,564.54,568.94,563.27,616.13,684.52,748.97
"All property types","All bedrooms","Ford, Wexford",0.00,0.00,0.00,0.00,0.00,0.00,0.00,0.00,0.00,0.00,0.00,0.00
"All property types","All bedrooms","Gorey, Wexford",730.52,688.90,633.72,611.18,591.27,587.03,590.53,627.35,673.87,725.71,793.49,839.91
"All property types","All bedrooms","Mulgannon, Wexford",765.88,721.32,661.74,625.79,618.38,621.10,627.70,629.54,645.19,707.17,750.90,769.99
"All property types","All bedrooms","New Ross, Wexford",657.97,625.14,579.99,548.40,524.45,514.65,513.08,520.26,550.73,579.95,607.59,633.02
"All property types","All bedrooms","Rosslare, Wexford",718.04,683.99,641.54,603.44,576.15,571.79,574.80,573.75,613.59,663.73,722.54,753.27
"All property types","All bedrooms","Wicklow",1090.99,1006.32,903.13,852.25,834.95,841.45,886.82,943.22,1021.69,1101.05,1160.62,1198.54
"All property types","All bedrooms","Wicklow Town",974.37,919.37,855.33,792.73,761.05,756.78,806.73,856.24,919.41,993.81,1042.22,1069.69
"All property types","All bedrooms","Arklow, Wicklow",819.31,774.30,711.37,680.35,646.30,628.79,646.54,675.04,730.70,798.37,877.58,958.82
"All property types","All bedrooms","Baltinglass, Wicklow",806.91,748.84,650.81,629.69,635.14,609.19,625.94,684.02,745.33,756.98,810.25,897.64
"All property types","All bedrooms","Blessington, Wicklow",1055.13,959.37,849.92,797.91,800.03,838.67,898.69,950.04,1035.19,1120.68,1185.49,1261.05
"All property types","All bedrooms","Bray, Wicklow",1206.48,1100.96,983.92,925.64,915.59,934.66,994.76,1072.22,1131.94,1196.12,1251.76,1281.35
"All property types","All bedrooms","Delgany, Wicklow",1273.60,1167.36,1025.45,999.04,1007.17,1014.76,1105.94,1212.76,1304.88,1386.61,1478.98,1518.21
"All property types","All bedrooms","Greystones, Wicklow",1304.72,1185.02,1046.90,988.93,994.72,1029.25,1121.70,1194.88,1299.12,1407.27,1512.41,1542.75
"All property types","All bedrooms","Kilcoole, Wicklow",1309.90,1177.69,1036.88,977.23,960.74,961.62,996.67,1079.30,1122.27,1219.06,1315.75,1349.57
"All property types","All bedrooms","Newtownmountkennedy, Wicklow",0.00,0.00,0.00,994.36,956.75,946.71,953.37,1013.33,1139.21,1304.33,1377.26,1319.61
"All property types","All bedrooms","Rathnew, Wicklow",0.00,898.90,838.25,808.78,815.16,803.47,809.57,874.16,984.45,992.21,1005.70,1080.61
